x_image_thumb,y_image_thumb
5618.59150692088,3597.748245614597
5630.987833853508,3600.4554894274697
5649.0836214448145,3604.1601388556114
5660.055083212773,3606.58240963555
5672.023950595999,3609.0046804154886
5684.847737078027,3611.1419781624936
5724.3165021393825,3618.6937635352438
5749.53661555404,3624.108251160989
5762.217915519601,3625.96057587506
5774.329269419294,3628.2403601385317
5785.728190736653,3630.520144402003
