x_image_thumb,y_image_thumb
1079.3016848458915,1136.4886620693007
1063.1318830476646,1125.2983025466867
1055.796575609396,1119.8369787605307
1048.9431496816708,1114.6969093147368
1043.3747411153938,1110.6276876701497
1022.6002937719763,1094.8862249924057
1017.4066819361219,1091.138257688181
1008.5721875761635,1084.0706622002142
996.6322345927045,1074.9684558899542
