x_image_thumb,y_image_thumb
2724.5646293,1318.53538376
2669.34301308,1541.46709369
2638.6643374,1700.99620722
2607.98566172,1948.4708577
2581.39747613,2214.35271358
2587.19857236,2107.5946641
2574.58207094,2299.36548573
2572.05877065,2481.04310623
2574.58207094,2646.31927487
2590.98352279,2906.2192042
2622.52477635,3178.73563494
2649.01942933,3341.4885033
2694.43883446,3558.49232778
2737.3349393,3735.12334771
2777.70774385,3870.11991294
2858.45335296,4102.26353913
