x_image_thumb,y_image_thumb
7353.625000000002,2131.225
4302.999167450545,160.97012489030698
4355.4598793667465,185.56108360102607
4398.412087248136,205.5617300190776
4450.54491971486,233.43148322455926
4494.480765944679,256.71092413737335
4549.564513456689,288.84311018604626
