x_image_thumb,y_image_thumb
5345.500000000001,1149.4750000000004
1066.4868117510157,1585.5359295571939
1049.8374129800134,1580.823835565401
1031.9314558111996,1576.4258811730606
1021.5648490292549,1573.5986247779847
1013.0830798440275,1571.5567173815411
996.9048904722046,1567.3158327889273
973.1873507135127,1561.818389798502
959.9934875364921,1558.3628542045205
