x_image_thumb,y_image_thumb
1752.28550293,1239.04083462
1720.67069383,1213.92221917
1765.27789024,1249.00166489
1691.65436218,1189.23668329
1649.21256365,1155.4564763
1621.92855031,1131.20402
1586.41602501,1103.48692708
