x_image_thumb,y_image_thumb
2253.4914782627034,277.4192619578254
2231.851610792775,262.4516869577915
2209.6707466360976,245.6807896685968
2200.473802961378,238.46750051195392
2184.78489904568,226.92623786132532
