x_image_thumb,y_image_thumb
6475.252396035394,2866.628912022234
6487.389415204776,2902.621451627988
6499.94495227655,2932.754740600247
6507.896792422008,2956.6102610366183
6515.430114665072,2978.7917098634202
6523.381954810529,3002.6472302997918
